{"cameraMode":{"drawMode":0,"name":"Shaded","section":"Shading Mode"},"sceneLighting":false,"audioPlay":false,"sceneViewState":{"m_AlwaysRefresh":false,"showFog":true,"showSkybox":false,"showFlares":true,"showImageEffects":true,"showParticleSystems":true,"showVisualEffectGraphs":true,"m_FxEnabled":true},"in2DMode":false,"pivot":{"x":11.366796493530274,"y":-0.08978161215782166,"z":2.1331701278686525},"rotation":{"x":-0.27795764803886416,"y":-0.43780314922332766,"z":0.14450599253177644,"w":-0.8428453803062439},"size":6.309824466705322,"orthographic":false}