{"cameraMode":{"drawMode":0,"name":"Shaded","section":"Shading Mode"},"sceneLighting":false,"audioPlay":false,"sceneViewState":{"m_AlwaysRefresh":false,"showFog":true,"showSkybox":false,"showFlares":true,"showImageEffects":true,"showParticleSystems":true,"showVisualEffectGraphs":true,"m_FxEnabled":true},"in2DMode":false,"pivot":{"x":-0.9605302810668945,"y":4.508584499359131,"z":12.630539894104004},"rotation":{"x":0.013356507755815983,"y":-0.9854611754417419,"z":-0.14347988367080689,"w":-0.09099680185317993},"size":7.292230606079102,"orthographic":false}