{"cameraMode":{"drawMode":0,"name":"Shaded","section":"Shading Mode"},"sceneLighting":false,"audioPlay":false,"sceneViewState":{"m_AlwaysRefresh":false,"showFog":true,"showSkybox":false,"showFlares":true,"showImageEffects":true,"showParticleSystems":true,"showVisualEffectGraphs":true,"m_FxEnabled":true},"in2DMode":false,"pivot":{"x":0.023880600929260255,"y":1.0739853382110596,"z":0.07979214191436768},"rotation":{"x":-0.02966398559510708,"y":0.8598531484603882,"z":-0.050051189959049228,"w":-0.5073797106742859},"size":1.742392897605896,"orthographic":false}